Steven Adams,https://www.basketball-reference.com/req/202104203/images/players/adamsst01.jpg
Bam Adebayo,https://www.basketball-reference.com/req/202104203/images/players/adebaba01.jpg
LaMarcus Aldridge,https://www.basketball-reference.com/req/202104203/images/players/aldrila01.jpg
Kyle Alexander,https://www.basketball-reference.com/req/202104203/images/players/alexaky01.jpg
Nickeil Alexander-Walker,https://www.basketball-reference.com/req/202104203/images/players/alexani01.jpg
Grayson Allen,https://www.basketball-reference.com/req/202104203/images/players/allengr01.jpg
Jarrett Allen,https://www.basketball-reference.com/req/202104203/images/players/allenja01.jpg
Kadeem Allen,https://www.basketball-reference.com/req/202104203/images/players/allenka01.jpg
Al-Farouq Aminu,https://www.basketball-reference.com/req/202104203/images/players/aminual01.jpg
Justin Anderson,https://www.basketball-reference.com/req/202104203/images/players/anderju01.jpg
Kyle Anderson,https://www.basketball-reference.com/req/202104203/images/players/anderky01.jpg
Ryan Anderson,https://www.basketball-reference.com/req/202104203/images/players/anderry01.jpg
Giannis Antetokounmpo,https://www.basketball-reference.com/req/202104203/images/players/antetgi01.jpg
Kostas Antetokounmpo,https://www.basketball-reference.com/req/202104203/images/players/antetko01.jpg
Thanasis Antetokounmpo,https://www.basketball-reference.com/req/202104203/images/players/antetth01.jpg
Carmelo Anthony,https://www.basketball-reference.com/req/202104203/images/players/anthoca01.jpg
OG Anunoby,https://www.basketball-reference.com/req/202104203/images/players/anunoog01.jpg
Ryan Arcidiacono,https://www.basketball-reference.com/req/202104203/images/players/arcidry01.jpg
Trevor Ariza,https://www.basketball-reference.com/req/202104203/images/players/arizatr01.jpg
D.J. Augustin,https://www.basketball-reference.com/req/202104203/images/players/augusdj01.jpg
Deandre Ayton,https://www.basketball-reference.com/req/202104203/images/players/aytonde01.jpg
Dwayne Bacon,https://www.basketball-reference.com/req/202104203/images/players/bacondw01.jpg
Marvin Bagley III,https://www.basketball-reference.com/req/202104203/images/players/baglema01.jpg
Lonzo Ball,https://www.basketball-reference.com/req/202104203/images/players/balllo01.jpg
Mo Bamba,https://www.basketball-reference.com/req/202104203/images/players/bambamo01.jpg
J.J. Barea,https://www.basketball-reference.com/req/202104203/images/players/bareajo01.jpg
Harrison Barnes,https://www.basketball-reference.com/req/202104203/images/players/barneha02.jpg
RJ Barrett,https://www.basketball-reference.com/req/202104203/images/players/barrerj01.jpg
Will Barton,https://www.basketball-reference.com/req/202104203/images/players/bartowi01.jpg
Keita Bates-Diop,https://www.basketball-reference.com/req/202104203/images/players/bateske01.jpg
Nicolas Batum,https://www.basketball-reference.com/req/202104203/images/players/batumni01.jpg
Aron Baynes,https://www.basketball-reference.com/req/202104203/images/players/baynear01.jpg
Kent Bazemore,https://www.basketball-reference.com/req/202104203/images/players/bazemke01.jpg
Darius Bazley,https://www.basketball-reference.com/req/202104203/images/players/bazleda01.jpg
Bradley Beal,https://www.basketball-reference.com/req/202104203/images/players/bealbr01.jpg
Malik Beasley,https://www.basketball-reference.com/req/202104203/images/players/beaslma01.jpg
Marco Belinelli,https://www.basketball-reference.com/req/202104203/images/players/belinma01.jpg
Jordan Bell,https://www.basketball-reference.com/req/202104203/images/players/belljo01.jpg
DeAndre' Bembry,https://www.basketball-reference.com/req/202104203/images/players/bembrde01.jpg
Dragan Bender,https://www.basketball-reference.com/req/202104203/images/players/bendedr01.jpg
Davis Bertans,https://www.basketball-reference.com/req/202104203/images/players/bertada01.jpg
Patrick Beverley,https://www.basketball-reference.com/req/202104203/images/players/beverpa01.jpg
Khem Birch,https://www.basketball-reference.com/req/202104203/images/players/birchkh01.jpg
Goga Bitadze,https://www.basketball-reference.com/req/202104203/images/players/bitadgo01.jpg
Bismack Biyombo,https://www.basketball-reference.com/req/202104203/images/players/biyombi01.jpg
Nemanja Bjelica,https://www.basketball-reference.com/req/202104203/images/players/bjeline01.jpg
Eric Bledsoe,https://www.basketball-reference.com/req/202104203/images/players/bledser01.jpg
Bogdan Bogdanovic,https://www.basketball-reference.com/req/202104203/images/players/bogdabo01.jpg
Bojan Bogdanovic,https://www.basketball-reference.com/req/202104203/images/players/bogdabo02.jpg
Bol Bol,https://www.basketball-reference.com/req/202104203/images/players/bolbo01.jpg
Jonah Bolden,https://www.basketball-reference.com/req/202104203/images/players/boldejo01.jpg
Marques Bolden,https://www.basketball-reference.com/req/202104203/images/players/boldema01.jpg
Jordan Bone,https://www.basketball-reference.com/req/202104203/images/players/bonejo01.jpg
Isaac Bonga,https://www.basketball-reference.com/req/202104203/images/players/bongais01.jpg
Devin Booker,https://www.basketball-reference.com/req/202104203/images/players/bookede01.jpg
Chris Boucher,https://www.basketball-reference.com/req/202104203/images/players/bouchch01.jpg
Brian Bowen,https://www.basketball-reference.com/req/202104203/images/players/bowenbr02.jpg
Ky Bowman,https://www.basketball-reference.com/req/202104203/images/players/bowmaky01.jpg
Avery Bradley,https://www.basketball-reference.com/req/202104203/images/players/bradlav01.jpg
Tony Bradley,https://www.basketball-reference.com/req/202104203/images/players/bradlto01.jpg
Jarrell Brantley,https://www.basketball-reference.com/req/202104203/images/players/brantja01.jpg
Ignas Brazdeikis,https://www.basketball-reference.com/req/202104203/images/players/brazdig01.jpg
Corey Brewer,https://www.basketball-reference.com/req/202104203/images/players/breweco01.jpg
Mikal Bridges,https://www.basketball-reference.com/req/202104203/images/players/bridgmi01.jpg
Miles Bridges,https://www.basketball-reference.com/req/202104203/images/players/bridgmi02.jpg
Oshae Brissett,https://www.basketball-reference.com/req/202104203/images/players/brissos01.jpg
Ryan Broekhoff,https://www.basketball-reference.com/req/202104203/images/players/broekry01.jpg
Malcolm Brogdon,https://www.basketball-reference.com/req/202104203/images/players/brogdma01.jpg
Dillon Brooks,https://www.basketball-reference.com/req/202104203/images/players/brookdi01.jpg
Bruce Brown,https://www.basketball-reference.com/req/202104203/images/players/brownbr01.jpg
Charlie Brown,https://www.basketball-reference.com/req/202104203/images/players/brownch02.jpg
Jaylen Brown,https://www.basketball-reference.com/req/202104203/images/players/brownja02.jpg
Moses Brown,https://www.basketball-reference.com/req/202104203/images/players/brownmo01.jpg
Sterling Brown,https://www.basketball-reference.com/req/202104203/images/players/brownst02.jpg
Troy Brown Jr.,https://www.basketball-reference.com/req/202104203/images/players/browntr01.jpg
Jalen Brunson,https://www.basketball-reference.com/req/202104203/images/players/brunsja01.jpg
Thomas Bryant,https://www.basketball-reference.com/req/202104203/images/players/bryanth01.jpg
Reggie Bullock,https://www.basketball-reference.com/req/202104203/images/players/bullore01.jpg
Trey Burke,https://www.basketball-reference.com/req/202104203/images/players/burketr01.jpg
Alec Burks,https://www.basketball-reference.com/req/202104203/images/players/burksal01.jpg
Deonte Burton,https://www.basketball-reference.com/req/202104203/images/players/burtode02.jpg
Jimmy Butler,https://www.basketball-reference.com/req/202104203/images/players/butleji01.jpg
Bruno Caboclo,https://www.basketball-reference.com/req/202104203/images/players/cabocbr01.jpg
Devontae Cacok,https://www.basketball-reference.com/req/202104203/images/players/cacokde01.jpg
Kentavious Caldwell-Pope,https://www.basketball-reference.com/req/202104203/images/players/caldwke01.jpg
Vlatko Cancar,https://www.basketball-reference.com/req/202104203/images/players/cancavl01.jpg
Clint Capela,https://www.basketball-reference.com/req/202104203/images/players/capelca01.jpg
DeMarre Carroll,https://www.basketball-reference.com/req/202104203/images/players/carrode01.jpg
Jevon Carter,https://www.basketball-reference.com/req/202104203/images/players/carteje01.jpg
Vince Carter,https://www.basketball-reference.com/req/202104203/images/players/cartevi01.jpg
Wendell Carter Jr.,https://www.basketball-reference.com/req/202104203/images/players/cartewe01.jpg
Michael Carter-Williams,https://www.basketball-reference.com/req/202104203/images/players/cartemi01.jpg
Alex Caruso,https://www.basketball-reference.com/req/202104203/images/players/carusal01.jpg
Willie Cauley-Stein,https://www.basketball-reference.com/req/202104203/images/players/caulewi01.jpg
Tyson Chandler,https://www.basketball-reference.com/req/202104203/images/players/chandty01.jpg
Wilson Chandler,https://www.basketball-reference.com/req/202104203/images/players/chandwi01.jpg
Joe Chealey,https://www.basketball-reference.com/req/202104203/images/players/chealjo01.jpg
Zylan Cheatham,https://www.basketball-reference.com/req/202104203/images/players/cheatzy01.jpg
Chris Chiozza,https://www.basketball-reference.com/req/202104203/images/players/chiozch01.jpg
Marquese Chriss,https://www.basketball-reference.com/req/202104203/images/players/chrisma01.jpg
Gary Clark,https://www.basketball-reference.com/req/202104203/images/players/clarkga01.jpg
Brandon Clarke,https://www.basketball-reference.com/req/202104203/images/players/clarkbr01.jpg
Jordan Clarkson,https://www.basketball-reference.com/req/202104203/images/players/clarkjo01.jpg
Nicolas Claxton,https://www.basketball-reference.com/req/202104203/images/players/claxtni01.jpg
Chris Clemons,https://www.basketball-reference.com/req/202104203/images/players/clemoch01.jpg
Antonius Cleveland,https://www.basketball-reference.com/req/202104203/images/players/clevean01.jpg
Amir Coffey,https://www.basketball-reference.com/req/202104203/images/players/coffeam01.jpg
John Collins,https://www.basketball-reference.com/req/202104203/images/players/collijo01.jpg
Zach Collins,https://www.basketball-reference.com/req/202104203/images/players/colliza01.jpg
Mike Conley,https://www.basketball-reference.com/req/202104203/images/players/conlemi01.jpg
Pat Connaughton,https://www.basketball-reference.com/req/202104203/images/players/connapa01.jpg
Quinn Cook,https://www.basketball-reference.com/req/202104203/images/players/cookqu01.jpg
Tyler Cook,https://www.basketball-reference.com/req/202104203/images/players/cookty01.jpg
Robert Covington,https://www.basketball-reference.com/req/202104203/images/players/covinro01.jpg
Allen Crabbe,https://www.basketball-reference.com/req/202104203/images/players/crabbal01.jpg
Torrey Craig,https://www.basketball-reference.com/req/202104203/images/players/craigto01.jpg
Jamal Crawford,https://www.basketball-reference.com/req/202104203/images/players/crawfja01.jpg
Jae Crowder,https://www.basketball-reference.com/req/202104203/images/players/crowdja01.jpg
Jarrett Culver,https://www.basketball-reference.com/req/202104203/images/players/culveja01.jpg
Seth Curry,https://www.basketball-reference.com/req/202104203/images/players/curryse01.jpg
Stephen Curry,https://www.basketball-reference.com/req/202104203/images/players/curryst01.jpg
Troy Daniels,https://www.basketball-reference.com/req/202104203/images/players/danietr01.jpg
Anthony Davis,https://www.basketball-reference.com/req/202104203/images/players/davisan02.jpg
Ed Davis,https://www.basketball-reference.com/req/202104203/images/players/davised01.jpg
Terence Davis,https://www.basketball-reference.com/req/202104203/images/players/daviste02.jpg
Dewayne Dedmon,https://www.basketball-reference.com/req/202104203/images/players/dedmode01.jpg
Matthew Dellavedova,https://www.basketball-reference.com/req/202104203/images/players/dellama01.jpg
DeMar DeRozan,https://www.basketball-reference.com/req/202104203/images/players/derozde01.jpg
Cheick Diallo,https://www.basketball-reference.com/req/202104203/images/players/diallch01.jpg
Hamidou Diallo,https://www.basketball-reference.com/req/202104203/images/players/diallha01.jpg
Gorgui Dieng,https://www.basketball-reference.com/req/202104203/images/players/dienggo01.jpg
Spencer Dinwiddie,https://www.basketball-reference.com/req/202104203/images/players/dinwisp01.jpg
Donte DiVincenzo,https://www.basketball-reference.com/req/202104203/images/players/divindo01.jpg
Luka Doncic,https://www.basketball-reference.com/req/202104203/images/players/doncilu01.jpg
Luguentz Dort,https://www.basketball-reference.com/req/202104203/images/players/dortlu01.jpg
Damyean Dotson,https://www.basketball-reference.com/req/202104203/images/players/dotsoda01.jpg
Sekou Doumbouya,https://www.basketball-reference.com/req/202104203/images/players/doumbse01.jpg
PJ Dozier,https://www.basketball-reference.com/req/202104203/images/players/doziepj01.jpg
Goran Dragic,https://www.basketball-reference.com/req/202104203/images/players/dragigo01.jpg
Andre Drummond,https://www.basketball-reference.com/req/202104203/images/players/drumman01.jpg
Jared Dudley,https://www.basketball-reference.com/req/202104203/images/players/dudleja01.jpg
Kris Dunn,https://www.basketball-reference.com/req/202104203/images/players/dunnkr01.jpg
Carsen Edwards,https://www.basketball-reference.com/req/202104203/images/players/edwarca01.jpg
Henry Ellenson,https://www.basketball-reference.com/req/202104203/images/players/ellenhe01.jpg
Wayne Ellington,https://www.basketball-reference.com/req/202104203/images/players/ellinwa01.jpg
Joel Embiid,https://www.basketball-reference.com/req/202104203/images/players/embiijo01.jpg
James Ennis,https://www.basketball-reference.com/req/202104203/images/players/ennisja01.jpg
Drew Eubanks,https://www.basketball-reference.com/req/202104203/images/players/eubandr01.jpg
Jacob Evans,https://www.basketball-reference.com/req/202104203/images/players/evansja02.jpg
Dante Exum,https://www.basketball-reference.com/req/202104203/images/players/exumda01.jpg
Tacko Fall,https://www.basketball-reference.com/req/202104203/images/players/fallta01.jpg
Derrick Favors,https://www.basketball-reference.com/req/202104203/images/players/favorde01.jpg
Cristiano Felicio,https://www.basketball-reference.com/req/202104203/images/players/feliccr01.jpg
Terrance Ferguson,https://www.basketball-reference.com/req/202104203/images/players/fergute01.jpg
Bruno Fernando,https://www.basketball-reference.com/req/202104203/images/players/fernabr01.jpg
Yogi Ferrell,https://www.basketball-reference.com/req/202104203/images/players/ferreyo01.jpg
Dorian Finney-Smith,https://www.basketball-reference.com/req/202104203/images/players/finnedo01.jpg
Bryn Forbes,https://www.basketball-reference.com/req/202104203/images/players/forbebr01.jpg
Evan Fournier,https://www.basketball-reference.com/req/202104203/images/players/fournev01.jpg
De'Aaron Fox,https://www.basketball-reference.com/req/202104203/images/players/foxde01.jpg
Melvin Frazier,https://www.basketball-reference.com/req/202104203/images/players/frazime01.jpg
Michael Frazier,https://www.basketball-reference.com/req/202104203/images/players/frazimi01.jpg
Tim Frazier,https://www.basketball-reference.com/req/202104203/images/players/fraziti01.jpg
Markelle Fultz,https://www.basketball-reference.com/req/202104203/images/players/fultzma01.jpg
Wenyen Gabriel,https://www.basketball-reference.com/req/202104203/images/players/gabriwe01.jpg
Daniel Gafford,https://www.basketball-reference.com/req/202104203/images/players/gaffoda01.jpg
Danilo Gallinari,https://www.basketball-reference.com/req/202104203/images/players/gallida01.jpg
Langston Galloway,https://www.basketball-reference.com/req/202104203/images/players/gallola01.jpg
Darius Garland,https://www.basketball-reference.com/req/202104203/images/players/garlada01.jpg
Marc Gasol,https://www.basketball-reference.com/req/202104203/images/players/gasolma01.jpg
Rudy Gay,https://www.basketball-reference.com/req/202104203/images/players/gayru01.jpg
Paul George,https://www.basketball-reference.com/req/202104203/images/players/georgpa01.jpg
Taj Gibson,https://www.basketball-reference.com/req/202104203/images/players/gibsota01.jpg
Harry Giles,https://www.basketball-reference.com/req/202104203/images/players/gilesha01.jpg
Shai Gilgeous-Alexander,https://www.basketball-reference.com/req/202104203/images/players/gilgesh01.jpg
Rudy Gobert,https://www.basketball-reference.com/req/202104203/images/players/goberru01.jpg
Brandon Goodwin,https://www.basketball-reference.com/req/202104203/images/players/goodwbr01.jpg
Aaron Gordon,https://www.basketball-reference.com/req/202104203/images/players/gordoaa01.jpg
Eric Gordon,https://www.basketball-reference.com/req/202104203/images/players/gordoer01.jpg
Devonte' Graham,https://www.basketball-reference.com/req/202104203/images/players/grahade01.jpg
Treveon Graham,https://www.basketball-reference.com/req/202104203/images/players/grahatr01.jpg
Jerami Grant,https://www.basketball-reference.com/req/202104203/images/players/grantje01.jpg
Jerian Grant,https://www.basketball-reference.com/req/202104203/images/players/grantje02.jpg
Josh Gray,https://www.basketball-reference.com/req/202104203/images/players/grayjo01.jpg
Danny Green,https://www.basketball-reference.com/req/202104203/images/players/greenda02.jpg
Draymond Green,https://www.basketball-reference.com/req/202104203/images/players/greendr01.jpg
JaMychal Green,https://www.basketball-reference.com/req/202104203/images/players/greenja01.jpg
Javonte Green,https://www.basketball-reference.com/req/202104203/images/players/greenja02.jpg
Jeff Green,https://www.basketball-reference.com/req/202104203/images/players/greenje02.jpg
Blake Griffin,https://www.basketball-reference.com/req/202104203/images/players/griffbl01.jpg
Marko Guduric,https://www.basketball-reference.com/req/202104203/images/players/gudurma01.jpg
Kyle Guy,https://www.basketball-reference.com/req/202104203/images/players/guyky01.jpg
Rui Hachimura,https://www.basketball-reference.com/req/202104203/images/players/hachiru01.jpg
Devon Hall,https://www.basketball-reference.com/req/202104203/images/players/hallde01.jpg
Donta Hall,https://www.basketball-reference.com/req/202104203/images/players/halldo01.jpg
Dusty Hannahs,https://www.basketball-reference.com/req/202104203/images/players/hannadu01.jpg
Tim Hardaway Jr.,https://www.basketball-reference.com/req/202104203/images/players/hardati02.jpg
James Harden,https://www.basketball-reference.com/req/202104203/images/players/hardeja01.jpg
Maurice Harkless,https://www.basketball-reference.com/req/202104203/images/players/harklma01.jpg
Jared Harper,https://www.basketball-reference.com/req/202104203/images/players/harpeja01.jpg
Montrezl Harrell,https://www.basketball-reference.com/req/202104203/images/players/harremo01.jpg
Gary Harris,https://www.basketball-reference.com/req/202104203/images/players/harriga01.jpg
Joe Harris,https://www.basketball-reference.com/req/202104203/images/players/harrijo01.jpg
Tobias Harris,https://www.basketball-reference.com/req/202104203/images/players/harrito02.jpg
Shaquille Harrison,https://www.basketball-reference.com/req/202104203/images/players/harrish01.jpg
Josh Hart,https://www.basketball-reference.com/req/202104203/images/players/hartjo01.jpg
Isaiah Hartenstein,https://www.basketball-reference.com/req/202104203/images/players/harteis01.jpg
Udonis Haslem,https://www.basketball-reference.com/req/202104203/images/players/hasleud01.jpg
Jaxson Hayes,https://www.basketball-reference.com/req/202104203/images/players/hayesja02.jpg
Gordon Hayward,https://www.basketball-reference.com/req/202104203/images/players/haywago01.jpg
John Henson,https://www.basketball-reference.com/req/202104203/images/players/hensojo01.jpg
Dewan Hernandez,https://www.basketball-reference.com/req/202104203/images/players/hernade01.jpg
Juan Hernangomez,https://www.basketball-reference.com/req/202104203/images/players/hernaju01.jpg
Willy Hernangomez,https://www.basketball-reference.com/req/202104203/images/players/hernawi01.jpg
Tyler Herro,https://www.basketball-reference.com/req/202104203/images/players/herroty01.jpg
Kevin Hervey,https://www.basketball-reference.com/req/202104203/images/players/herveke01.jpg
Mario Hezonja,https://www.basketball-reference.com/req/202104203/images/players/hezonma01.jpg
Buddy Hield,https://www.basketball-reference.com/req/202104203/images/players/hieldbu01.jpg
George Hill,https://www.basketball-reference.com/req/202104203/images/players/hillge01.jpg
Solomon Hill,https://www.basketball-reference.com/req/202104203/images/players/hillso01.jpg
Jaylen Hoard,https://www.basketball-reference.com/req/202104203/images/players/hoardja01.jpg
Aaron Holiday,https://www.basketball-reference.com/req/202104203/images/players/holidaa01.jpg
Jrue Holiday,https://www.basketball-reference.com/req/202104203/images/players/holidjr01.jpg
Justin Holiday,https://www.basketball-reference.com/req/202104203/images/players/holidju01.jpg
Rondae Hollis-Jefferson,https://www.basketball-reference.com/req/202104203/images/players/holliro01.jpg
Richaun Holmes,https://www.basketball-reference.com/req/202104203/images/players/holmeri01.jpg
Rodney Hood,https://www.basketball-reference.com/req/202104203/images/players/hoodro01.jpg
Al Horford,https://www.basketball-reference.com/req/202104203/images/players/horfoal01.jpg
Talen Horton-Tucker,https://www.basketball-reference.com/req/202104203/images/players/hortota01.jpg
Danuel House,https://www.basketball-reference.com/req/202104203/images/players/houseda01.jpg
Dwight Howard,https://www.basketball-reference.com/req/202104203/images/players/howardw01.jpg
William Howard,https://www.basketball-reference.com/req/202104203/images/players/howarwi01.jpg
Kevin Huerter,https://www.basketball-reference.com/req/202104203/images/players/huertke01.jpg
De'Andre Hunter,https://www.basketball-reference.com/req/202104203/images/players/huntede01.jpg
Chandler Hutchison,https://www.basketball-reference.com/req/202104203/images/players/hutchch01.jpg
Serge Ibaka,https://www.basketball-reference.com/req/202104203/images/players/ibakase01.jpg
Andre Iguodala,https://www.basketball-reference.com/req/202104203/images/players/iguodan01.jpg
Ersan Ilyasova,https://www.basketball-reference.com/req/202104203/images/players/ilyaser01.jpg
Joe Ingles,https://www.basketball-reference.com/req/202104203/images/players/inglejo01.jpg
Brandon Ingram,https://www.basketball-reference.com/req/202104203/images/players/ingrabr01.jpg
Kyrie Irving,https://www.basketball-reference.com/req/202104203/images/players/irvinky01.jpg
Jonathan Isaac,https://www.basketball-reference.com/req/202104203/images/players/isaacjo01.jpg
Wesley Iwundu,https://www.basketball-reference.com/req/202104203/images/players/iwundwe01.jpg
Frank Jackson,https://www.basketball-reference.com/req/202104203/images/players/jacksfr01.jpg
Jaren Jackson Jr.,https://www.basketball-reference.com/req/202104203/images/players/jacksja02.jpg
Josh Jackson,https://www.basketball-reference.com/req/202104203/images/players/jacksjo02.jpg
Justin Jackson,https://www.basketball-reference.com/req/202104203/images/players/jacksju01.jpg
Reggie Jackson,https://www.basketball-reference.com/req/202104203/images/players/jacksre01.jpg
Justin James,https://www.basketball-reference.com/req/202104203/images/players/jamesju01.jpg
LeBron James,https://www.basketball-reference.com/req/202104203/images/players/jamesle01.jpg
Amile Jefferson,https://www.basketball-reference.com/req/202104203/images/players/jeffeam01.jpg
DaQuan Jeffries,https://www.basketball-reference.com/req/202104203/images/players/jeffrda01.jpg
Ty Jerome,https://www.basketball-reference.com/req/202104203/images/players/jeromty01.jpg
Alize Johnson,https://www.basketball-reference.com/req/202104203/images/players/johnsal02.jpg
B.J. Johnson,https://www.basketball-reference.com/req/202104203/images/players/johnsbj01.jpg
Cameron Johnson,https://www.basketball-reference.com/req/202104203/images/players/johnsca02.jpg
James Johnson,https://www.basketball-reference.com/req/202104203/images/players/johnsja01.jpg
Keldon Johnson,https://www.basketball-reference.com/req/202104203/images/players/johnske04.jpg
Stanley Johnson,https://www.basketball-reference.com/req/202104203/images/players/johnsst04.jpg
Tyler Johnson,https://www.basketball-reference.com/req/202104203/images/players/johnsty01.jpg
Nikola Jokic,https://www.basketball-reference.com/req/202104203/images/players/jokicni01.jpg
Damian Jones,https://www.basketball-reference.com/req/202104203/images/players/jonesda03.jpg
Derrick Jones Jr.,https://www.basketball-reference.com/req/202104203/images/players/jonesde02.jpg
Tyus Jones,https://www.basketball-reference.com/req/202104203/images/players/jonesty01.jpg
DeAndre Jordan,https://www.basketball-reference.com/req/202104203/images/players/jordade01.jpg
Cory Joseph,https://www.basketball-reference.com/req/202104203/images/players/josepco01.jpg
Mfiondu Kabengele,https://www.basketball-reference.com/req/202104203/images/players/kabenmf01.jpg
Frank Kaminsky,https://www.basketball-reference.com/req/202104203/images/players/kaminfr01.jpg
Enes Kanter,https://www.basketball-reference.com/req/202104203/images/players/kanteen01.jpg
Luke Kennard,https://www.basketball-reference.com/req/202104203/images/players/kennalu01.jpg
Stanton Kidd,https://www.basketball-reference.com/req/202104203/images/players/kiddst01.jpg
Michael Kidd-Gilchrist,https://www.basketball-reference.com/req/202104203/images/players/kiddgmi01.jpg
Louis King,https://www.basketball-reference.com/req/202104203/images/players/kinglo02.jpg
Maxi Kleber,https://www.basketball-reference.com/req/202104203/images/players/klebima01.jpg
Brandon Knight,https://www.basketball-reference.com/req/202104203/images/players/knighbr03.jpg
Kevin Knox,https://www.basketball-reference.com/req/202104203/images/players/knoxke01.jpg
John Konchar,https://www.basketball-reference.com/req/202104203/images/players/konchjo01.jpg
Furkan Korkmaz,https://www.basketball-reference.com/req/202104203/images/players/korkmfu01.jpg
Luke Kornet,https://www.basketball-reference.com/req/202104203/images/players/kornelu01.jpg
Kyle Korver,https://www.basketball-reference.com/req/202104203/images/players/korveky01.jpg
Rodions Kurucs,https://www.basketball-reference.com/req/202104203/images/players/kurucro01.jpg
Kyle Kuzma,https://www.basketball-reference.com/req/202104203/images/players/kuzmaky01.jpg
Skal Labissiere,https://www.basketball-reference.com/req/202104203/images/players/labissk01.jpg
Jeremy Lamb,https://www.basketball-reference.com/req/202104203/images/players/lambje01.jpg
Romeo Langford,https://www.basketball-reference.com/req/202104203/images/players/langfro01.jpg
Zach LaVine,https://www.basketball-reference.com/req/202104203/images/players/lavinza01.jpg
Vic Law,https://www.basketball-reference.com/req/202104203/images/players/lawvi01.jpg
Jake Layman,https://www.basketball-reference.com/req/202104203/images/players/laymaja01.jpg
T.J. Leaf,https://www.basketball-reference.com/req/202104203/images/players/leaftj01.jpg
Jalen Lecque,https://www.basketball-reference.com/req/202104203/images/players/lecquja01.jpg
Courtney Lee,https://www.basketball-reference.com/req/202104203/images/players/leeco01.jpg
Damion Lee,https://www.basketball-reference.com/req/202104203/images/players/leeda03.jpg
Alex Len,https://www.basketball-reference.com/req/202104203/images/players/lenal01.jpg
Kawhi Leonard,https://www.basketball-reference.com/req/202104203/images/players/leonaka01.jpg
Meyers Leonard,https://www.basketball-reference.com/req/202104203/images/players/leoname01.jpg
Caris LeVert,https://www.basketball-reference.com/req/202104203/images/players/leverca01.jpg
Damian Lillard,https://www.basketball-reference.com/req/202104203/images/players/lillada01.jpg
Nassir Little,https://www.basketball-reference.com/req/202104203/images/players/littlna01.jpg
Kevon Looney,https://www.basketball-reference.com/req/202104203/images/players/looneke01.jpg
Brook Lopez,https://www.basketball-reference.com/req/202104203/images/players/lopezbr01.jpg
Robin Lopez,https://www.basketball-reference.com/req/202104203/images/players/lopezro01.jpg
Kevin Love,https://www.basketball-reference.com/req/202104203/images/players/loveke01.jpg
Kyle Lowry,https://www.basketball-reference.com/req/202104203/images/players/lowryky01.jpg
Timothe Luwawu-Cabarrot,https://www.basketball-reference.com/req/202104203/images/players/luwawti01.jpg
Trey Lyles,https://www.basketball-reference.com/req/202104203/images/players/lylestr01.jpg
Daryl Macon,https://www.basketball-reference.com/req/202104203/images/players/maconda01.jpg
J.P. Macura,https://www.basketball-reference.com/req/202104203/images/players/macurjp01.jpg
Josh Magette,https://www.basketball-reference.com/req/202104203/images/players/magetjo01.jpg
Ian Mahinmi,https://www.basketball-reference.com/req/202104203/images/players/mahinia01.jpg
Thon Maker,https://www.basketball-reference.com/req/202104203/images/players/makerth01.jpg
Terance Mann,https://www.basketball-reference.com/req/202104203/images/players/mannte01.jpg
Boban Marjanovic,https://www.basketball-reference.com/req/202104203/images/players/marjabo01.jpg
Lauri Markkanen,https://www.basketball-reference.com/req/202104203/images/players/markkla01.jpg
Caleb Martin,https://www.basketball-reference.com/req/202104203/images/players/martica02.jpg
Cody Martin,https://www.basketball-reference.com/req/202104203/images/players/martico01.jpg
Jeremiah Martin,https://www.basketball-reference.com/req/202104203/images/players/martije02.jpg
Kelan Martin,https://www.basketball-reference.com/req/202104203/images/players/martike03.jpg
Frank Mason III,https://www.basketball-reference.com/req/202104203/images/players/masonfr01.jpg
Garrison Mathews,https://www.basketball-reference.com/req/202104203/images/players/mathega01.jpg
Wesley Matthews,https://www.basketball-reference.com/req/202104203/images/players/matthwe02.jpg
Luc Mbah a Moute,https://www.basketball-reference.com/req/202104203/images/players/mbahalu01.jpg
Patrick McCaw,https://www.basketball-reference.com/req/202104203/images/players/mccawpa01.jpg
CJ McCollum,https://www.basketball-reference.com/req/202104203/images/players/mccolcj01.jpg
T.J. McConnell,https://www.basketball-reference.com/req/202104203/images/players/mccontj01.jpg
Jalen McDaniels,https://www.basketball-reference.com/req/202104203/images/players/mcdanja01.jpg
Doug McDermott,https://www.basketball-reference.com/req/202104203/images/players/mcderdo01.jpg
JaVale McGee,https://www.basketball-reference.com/req/202104203/images/players/mcgeeja01.jpg
Rodney McGruder,https://www.basketball-reference.com/req/202104203/images/players/mcgruro01.jpg
Alfonzo McKinnie,https://www.basketball-reference.com/req/202104203/images/players/mckinal01.jpg
Jordan McLaughlin,https://www.basketball-reference.com/req/202104203/images/players/mclaujo01.jpg
Ben McLemore,https://www.basketball-reference.com/req/202104203/images/players/mclembe01.jpg
Jordan McRae,https://www.basketball-reference.com/req/202104203/images/players/mcraejo01.jpg
Nicolo Melli,https://www.basketball-reference.com/req/202104203/images/players/mellini01.jpg
De'Anthony Melton,https://www.basketball-reference.com/req/202104203/images/players/meltode01.jpg
Chimezie Metu,https://www.basketball-reference.com/req/202104203/images/players/metuch01.jpg
Khris Middleton,https://www.basketball-reference.com/req/202104203/images/players/middlkh01.jpg
Eric Mika,https://www.basketball-reference.com/req/202104203/images/players/mikaer01.jpg
C.J. Miles,https://www.basketball-reference.com/req/202104203/images/players/milescj01.jpg
Malcolm Miller,https://www.basketball-reference.com/req/202104203/images/players/millema01.jpg
Patty Mills,https://www.basketball-reference.com/req/202104203/images/players/millspa02.jpg
Paul Millsap,https://www.basketball-reference.com/req/202104203/images/players/millspa01.jpg
Shake Milton,https://www.basketball-reference.com/req/202104203/images/players/miltosh01.jpg
Donovan Mitchell,https://www.basketball-reference.com/req/202104203/images/players/mitchdo01.jpg
Naz Mitrou-Long,https://www.basketball-reference.com/req/202104203/images/players/mitrona01.jpg
Adam Mokoka,https://www.basketball-reference.com/req/202104203/images/players/mokokad01.jpg
Malik Monk,https://www.basketball-reference.com/req/202104203/images/players/monkma01.jpg
Matt Mooney,https://www.basketball-reference.com/req/202104203/images/players/moonema01.jpg
E'Twaun Moore,https://www.basketball-reference.com/req/202104203/images/players/mooreet01.jpg
Ja Morant,https://www.basketball-reference.com/req/202104203/images/players/moranja01.jpg
Juwan Morgan,https://www.basketball-reference.com/req/202104203/images/players/morgaju01.jpg
Marcus Morris,https://www.basketball-reference.com/req/202104203/images/players/morrima03.jpg
Markieff Morris,https://www.basketball-reference.com/req/202104203/images/players/morrima02.jpg
Monte Morris,https://www.basketball-reference.com/req/202104203/images/players/morrimo01.jpg
Johnathan Motley,https://www.basketball-reference.com/req/202104203/images/players/motlejo01.jpg
Emmanuel Mudiay,https://www.basketball-reference.com/req/202104203/images/players/mudiaem01.jpg
Mychal Mulder,https://www.basketball-reference.com/req/202104203/images/players/muldemy01.jpg
Dejounte Murray,https://www.basketball-reference.com/req/202104203/images/players/murrade01.jpg
Jamal Murray,https://www.basketball-reference.com/req/202104203/images/players/murraja01.jpg
Dzanan Musa,https://www.basketball-reference.com/req/202104203/images/players/musadz01.jpg
Mike Muscala,https://www.basketball-reference.com/req/202104203/images/players/muscami01.jpg
Sviatoslav Mykhailiuk,https://www.basketball-reference.com/req/202104203/images/players/mykhasv01.jpg
Abdel Nader,https://www.basketball-reference.com/req/202104203/images/players/naderab01.jpg
Larry Nance Jr.,https://www.basketball-reference.com/req/202104203/images/players/nancela02.jpg
Shabazz Napier,https://www.basketball-reference.com/req/202104203/images/players/napiesh01.jpg
Raul Neto,https://www.basketball-reference.com/req/202104203/images/players/netora01.jpg
Malik Newman,https://www.basketball-reference.com/req/202104203/images/players/newmama01.jpg
Georges Niang,https://www.basketball-reference.com/req/202104203/images/players/niangge01.jpg
Joakim Noah,https://www.basketball-reference.com/req/202104203/images/players/noahjo01.jpg
Nerlens Noel,https://www.basketball-reference.com/req/202104203/images/players/noelne01.jpg
Zach Norvell,https://www.basketball-reference.com/req/202104203/images/players/norveza01.jpg
Jaylen Nowell,https://www.basketball-reference.com/req/202104203/images/players/nowelja01.jpg
Frank Ntilikina,https://www.basketball-reference.com/req/202104203/images/players/ntilila01.jpg
Kendrick Nunn,https://www.basketball-reference.com/req/202104203/images/players/nunnke01.jpg
Jusuf Nurkic,https://www.basketball-reference.com/req/202104203/images/players/nurkiju01.jpg
David Nwaba,https://www.basketball-reference.com/req/202104203/images/players/nwabada01.jpg
Royce O'Neale,https://www.basketball-reference.com/req/202104203/images/players/onealro01.jpg
Kyle O'Quinn,https://www.basketball-reference.com/req/202104203/images/players/oquinky01.jpg
Semi Ojeleye,https://www.basketball-reference.com/req/202104203/images/players/ojelese01.jpg
Jahlil Okafor,https://www.basketball-reference.com/req/202104203/images/players/okafoja01.jpg
Elie Okobo,https://www.basketball-reference.com/req/202104203/images/players/okoboel01.jpg
Josh Okogie,https://www.basketball-reference.com/req/202104203/images/players/okogijo01.jpg
KZ Okpala,https://www.basketball-reference.com/req/202104203/images/players/okpalkz01.jpg
Victor Oladipo,https://www.basketball-reference.com/req/202104203/images/players/oladivi01.jpg
Kelly Olynyk,https://www.basketball-reference.com/req/202104203/images/players/olynyke01.jpg
Miye Oni,https://www.basketball-reference.com/req/202104203/images/players/onimi01.jpg
Cedi Osman,https://www.basketball-reference.com/req/202104203/images/players/osmande01.jpg
Kelly Oubre Jr.,https://www.basketball-reference.com/req/202104203/images/players/oubreke01.jpg
Tariq Owens,https://www.basketball-reference.com/req/202104203/images/players/owensta01.jpg
Jeremy Pargo,https://www.basketball-reference.com/req/202104203/images/players/pargoje01.jpg
Jabari Parker,https://www.basketball-reference.com/req/202104203/images/players/parkeja01.jpg
Chandler Parsons,https://www.basketball-reference.com/req/202104203/images/players/parsoch01.jpg
Eric Paschall,https://www.basketball-reference.com/req/202104203/images/players/pascher01.jpg
Anzejs Pasecniks,https://www.basketball-reference.com/req/202104203/images/players/pasecan01.jpg
Patrick Patterson,https://www.basketball-reference.com/req/202104203/images/players/pattepa01.jpg
Justin Patton,https://www.basketball-reference.com/req/202104203/images/players/pattoju01.jpg
Chris Paul,https://www.basketball-reference.com/req/202104203/images/players/paulch01.jpg
Cameron Payne,https://www.basketball-reference.com/req/202104203/images/players/payneca01.jpg
Elfrid Payton,https://www.basketball-reference.com/req/202104203/images/players/paytoel01.jpg
Gary Payton II,https://www.basketball-reference.com/req/202104203/images/players/paytoga02.jpg
Norvel Pelle,https://www.basketball-reference.com/req/202104203/images/players/pelleno01.jpg
Theo Pinson,https://www.basketball-reference.com/req/202104203/images/players/pinsoth01.jpg
Mason Plumlee,https://www.basketball-reference.com/req/202104203/images/players/plumlma01.jpg
Jakob Poeltl,https://www.basketball-reference.com/req/202104203/images/players/poeltja01.jpg
Vincent Poirier,https://www.basketball-reference.com/req/202104203/images/players/poirivi01.jpg
Shamorie Ponds,https://www.basketball-reference.com/req/202104203/images/players/pondssh01.jpg
Jordan Poole,https://www.basketball-reference.com/req/202104203/images/players/poolejo01.jpg
Kevin Porter Jr.,https://www.basketball-reference.com/req/202104203/images/players/porteke02.jpg
Michael Porter Jr.,https://www.basketball-reference.com/req/202104203/images/players/portemi01.jpg
Otto Porter,https://www.basketball-reference.com/req/202104203/images/players/porteot01.jpg
Bobby Portis,https://www.basketball-reference.com/req/202104203/images/players/portibo01.jpg
Kristaps Porzingis,https://www.basketball-reference.com/req/202104203/images/players/porzikr01.jpg
Dwight Powell,https://www.basketball-reference.com/req/202104203/images/players/poweldw01.jpg
Norman Powell,https://www.basketball-reference.com/req/202104203/images/players/powelno01.jpg
Taurean Prince,https://www.basketball-reference.com/req/202104203/images/players/princta02.jpg
Chasson Randle,https://www.basketball-reference.com/req/202104203/images/players/randlch01.jpg
Julius Randle,https://www.basketball-reference.com/req/202104203/images/players/randlju01.jpg
Josh Reaves,https://www.basketball-reference.com/req/202104203/images/players/reavejo02.jpg
Cam Reddish,https://www.basketball-reference.com/req/202104203/images/players/reddica01.jpg
J.J. Redick,https://www.basketball-reference.com/req/202104203/images/players/redicjj01.jpg
Naz Reid,https://www.basketball-reference.com/req/202104203/images/players/reidna01.jpg
Josh Richardson,https://www.basketball-reference.com/req/202104203/images/players/richajo01.jpg
Austin Rivers,https://www.basketball-reference.com/req/202104203/images/players/riverau01.jpg
Andre Roberson,https://www.basketball-reference.com/req/202104203/images/players/roberan03.jpg
Duncan Robinson,https://www.basketball-reference.com/req/202104203/images/players/robindu01.jpg
Glenn Robinson III,https://www.basketball-reference.com/req/202104203/images/players/robingl02.jpg
Jerome Robinson,https://www.basketball-reference.com/req/202104203/images/players/robinje01.jpg
Justin Robinson,https://www.basketball-reference.com/req/202104203/images/players/robinju01.jpg
Mitchell Robinson,https://www.basketball-reference.com/req/202104203/images/players/robinmi01.jpg
Isaiah Roby,https://www.basketball-reference.com/req/202104203/images/players/robyis01.jpg
Rajon Rondo,https://www.basketball-reference.com/req/202104203/images/players/rondora01.jpg
Derrick Rose,https://www.basketball-reference.com/req/202104203/images/players/rosede01.jpg
Terrence Ross,https://www.basketball-reference.com/req/202104203/images/players/rosste01.jpg
Terry Rozier,https://www.basketball-reference.com/req/202104203/images/players/roziete01.jpg
Ricky Rubio,https://www.basketball-reference.com/req/202104203/images/players/rubiori01.jpg
D'Angelo Russell,https://www.basketball-reference.com/req/202104203/images/players/russeda01.jpg
Domantas Sabonis,https://www.basketball-reference.com/req/202104203/images/players/sabondo01.jpg
Luka Samanic,https://www.basketball-reference.com/req/202104203/images/players/samanlu01.jpg
JaKarr Sampson,https://www.basketball-reference.com/req/202104203/images/players/sampsja02.jpg
Dario Saric,https://www.basketball-reference.com/req/202104203/images/players/saricda01.jpg
Tomas Satoransky,https://www.basketball-reference.com/req/202104203/images/players/satorto01.jpg
Admiral Schofield,https://www.basketball-reference.com/req/202104203/images/players/schofad01.jpg
Dennis Schroder,https://www.basketball-reference.com/req/202104203/images/players/schrode01.jpg
Mike Scott,https://www.basketball-reference.com/req/202104203/images/players/scottmi01.jpg
Thabo Sefolosha,https://www.basketball-reference.com/req/202104203/images/players/sefolth01.jpg
Collin Sexton,https://www.basketball-reference.com/req/202104203/images/players/sextoco01.jpg
Landry Shamet,https://www.basketball-reference.com/req/202104203/images/players/shamela01.jpg
Marial Shayok,https://www.basketball-reference.com/req/202104203/images/players/shayoma01.jpg
Iman Shumpert,https://www.basketball-reference.com/req/202104203/images/players/shumpim01.jpg
Pascal Siakam,https://www.basketball-reference.com/req/202104203/images/players/siakapa01.jpg
Chris Silva,https://www.basketball-reference.com/req/202104203/images/players/silvach01.jpg
Ben Simmons,https://www.basketball-reference.com/req/202104203/images/players/simmobe01.jpg
Anfernee Simons,https://www.basketball-reference.com/req/202104203/images/players/simonan01.jpg
Alen Smailagic,https://www.basketball-reference.com/req/202104203/images/players/smailal01.jpg
Marcus Smart,https://www.basketball-reference.com/req/202104203/images/players/smartma01.jpg
Dennis Smith Jr.,https://www.basketball-reference.com/req/202104203/images/players/smithde03.jpg
Ish Smith,https://www.basketball-reference.com/req/202104203/images/players/smithis01.jpg
J.R. Smith,https://www.basketball-reference.com/req/202104203/images/players/smithjr01.jpg
Zhaire Smith,https://www.basketball-reference.com/req/202104203/images/players/smithzh01.jpg
Tony Snell,https://www.basketball-reference.com/req/202104203/images/players/snellto01.jpg
Omari Spellman,https://www.basketball-reference.com/req/202104203/images/players/spellom01.jpg
Max Strus,https://www.basketball-reference.com/req/202104203/images/players/strusma01.jpg
Edmond Sumner,https://www.basketball-reference.com/req/202104203/images/players/sumneed01.jpg
Caleb Swanigan,https://www.basketball-reference.com/req/202104203/images/players/swanica01.jpg
Jayson Tatum,https://www.basketball-reference.com/req/202104203/images/players/tatumja01.jpg
Jeff Teague,https://www.basketball-reference.com/req/202104203/images/players/teaguje01.jpg
Garrett Temple,https://www.basketball-reference.com/req/202104203/images/players/templga01.jpg
Daniel Theis,https://www.basketball-reference.com/req/202104203/images/players/theisda01.jpg
Isaiah Thomas,https://www.basketball-reference.com/req/202104203/images/players/thomais02.jpg
Khyri Thomas,https://www.basketball-reference.com/req/202104203/images/players/thomakh01.jpg
Lance Thomas,https://www.basketball-reference.com/req/202104203/images/players/thomala01.jpg
Matt Thomas,https://www.basketball-reference.com/req/202104203/images/players/thomama02.jpg
Tristan Thompson,https://www.basketball-reference.com/req/202104203/images/players/thomptr01.jpg
Sindarius Thornwell,https://www.basketball-reference.com/req/202104203/images/players/thornsi01.jpg
Matisse Thybulle,https://www.basketball-reference.com/req/202104203/images/players/thybuma01.jpg
Anthony Tolliver,https://www.basketball-reference.com/req/202104203/images/players/tollian01.jpg
Juan Toscano-Anderson,https://www.basketball-reference.com/req/202104203/images/players/toscaju01.jpg
Karl-Anthony Towns,https://www.basketball-reference.com/req/202104203/images/players/townska01.jpg
Gary Trent Jr.,https://www.basketball-reference.com/req/202104203/images/players/trentga02.jpg
Allonzo Trier,https://www.basketball-reference.com/req/202104203/images/players/trieral01.jpg
P.J. Tucker,https://www.basketball-reference.com/req/202104203/images/players/tuckepj01.jpg
Rayjon Tucker,https://www.basketball-reference.com/req/202104203/images/players/tuckera01.jpg
Evan Turner,https://www.basketball-reference.com/req/202104203/images/players/turneev01.jpg
Myles Turner,https://www.basketball-reference.com/req/202104203/images/players/turnemy01.jpg
Jarrod Uthoff,https://www.basketball-reference.com/req/202104203/images/players/uthofja01.jpg
Jonas Valanciunas,https://www.basketball-reference.com/req/202104203/images/players/valanjo01.jpg
Denzel Valentine,https://www.basketball-reference.com/req/202104203/images/players/valende01.jpg
Jarred Vanderbilt,https://www.basketball-reference.com/req/202104203/images/players/vandeja01.jpg
Fred VanVleet,https://www.basketball-reference.com/req/202104203/images/players/vanvlfr01.jpg
Gabe Vincent,https://www.basketball-reference.com/req/202104203/images/players/vincega01.jpg
Noah Vonleh,https://www.basketball-reference.com/req/202104203/images/players/vonleno01.jpg
Nikola Vucevic,https://www.basketball-reference.com/req/202104203/images/players/vucevni01.jpg
Dean Wade,https://www.basketball-reference.com/req/202104203/images/players/wadede01.jpg
Moritz Wagner,https://www.basketball-reference.com/req/202104203/images/players/wagnemo01.jpg
Dion Waiters,https://www.basketball-reference.com/req/202104203/images/players/waitedi01.jpg
Kemba Walker,https://www.basketball-reference.com/req/202104203/images/players/walkeke02.jpg
Lonnie Walker,https://www.basketball-reference.com/req/202104203/images/players/walkelo01.jpg
Tyrone Wallace,https://www.basketball-reference.com/req/202104203/images/players/wallaty01.jpg
Derrick Walton,https://www.basketball-reference.com/req/202104203/images/players/waltode01.jpg
Brad Wanamaker,https://www.basketball-reference.com/req/202104203/images/players/wanambr01.jpg
T.J. Warren,https://www.basketball-reference.com/req/202104203/images/players/warretj01.jpg
P.J. Washington,https://www.basketball-reference.com/req/202104203/images/players/washipj01.jpg
Yuta Watanabe,https://www.basketball-reference.com/req/202104203/images/players/watanyu01.jpg
Tremont Waters,https://www.basketball-reference.com/req/202104203/images/players/watertr01.jpg
Paul Watson,https://www.basketball-reference.com/req/202104203/images/players/watsopa01.jpg
Quinndary Weatherspoon,https://www.basketball-reference.com/req/202104203/images/players/weathqu01.jpg
Russell Westbrook,https://www.basketball-reference.com/req/202104203/images/players/westbru01.jpg
Coby White,https://www.basketball-reference.com/req/202104203/images/players/whiteco01.jpg
Derrick White,https://www.basketball-reference.com/req/202104203/images/players/whitede01.jpg
Hassan Whiteside,https://www.basketball-reference.com/req/202104203/images/players/whiteha01.jpg
Andrew Wiggins,https://www.basketball-reference.com/req/202104203/images/players/wiggian01.jpg
Grant Williams,https://www.basketball-reference.com/req/202104203/images/players/willigr01.jpg
Johnathan Williams,https://www.basketball-reference.com/req/202104203/images/players/willijo04.jpg
Kenrich Williams,https://www.basketball-reference.com/req/202104203/images/players/willike04.jpg
Lou Williams,https://www.basketball-reference.com/req/202104203/images/players/willilo02.jpg
Marvin Williams,https://www.basketball-reference.com/req/202104203/images/players/willima02.jpg
Robert Williams,https://www.basketball-reference.com/req/202104203/images/players/williro04.jpg
Nigel Williams-Goss,https://www.basketball-reference.com/req/202104203/images/players/willini01.jpg
Zion Williamson,https://www.basketball-reference.com/req/202104203/images/players/willizi01.jpg
D.J. Wilson,https://www.basketball-reference.com/req/202104203/images/players/wilsodj01.jpg
Justise Winslow,https://www.basketball-reference.com/req/202104203/images/players/winslju01.jpg
Christian Wood,https://www.basketball-reference.com/req/202104203/images/players/woodch01.jpg
Delon Wright,https://www.basketball-reference.com/req/202104203/images/players/wrighde01.jpg
Justin Wright-Foreman,https://www.basketball-reference.com/req/202104203/images/players/wrighju02.jpg
Thaddeus Young,https://www.basketball-reference.com/req/202104203/images/players/youngth01.jpg
Trae Young,https://www.basketball-reference.com/req/202104203/images/players/youngtr01.jpg
Cody Zeller,https://www.basketball-reference.com/req/202104203/images/players/zelleco01.jpg
Tyler Zeller,https://www.basketball-reference.com/req/202104203/images/players/zellety01.jpg
Ante Zizic,https://www.basketball-reference.com/req/202104203/images/players/zizican01.jpg
Ivica Zubac,https://www.basketball-reference.com/req/202104203/images/players/zubaciv01.jpg
